ID,Community
hossiganji,0
prosbx,0
ZMAJ,0
erteg47,0
TrickOrTreat,0
MONOZEVICH,0
cypher199,0
kicmak,0
otk,0
_praktikant_,0
foodbooke,0
pirouetti,0
retrograd,0
BigBugBenteke,0
OCoringa,0
Baluk,0
-_______-,0
MeikeSchlecker,0
diegor,0
antonov666,0
ggggggg7878,0
antibiotik,0
Valtor,0
batman2000,0
bikhail,0
AlexDeSouza,0
dondurma,0
superspeed,0
doc2,0
kel_ebek,0
mehrabjakvar,0
CrazyMadMax3,0
amirherkul,0
yetmez,0
chesserstein,0
Argentinaa,0
Albator,0
alelagi,0
sefalet,0
iranii,0
Phaethon,0
_Mustapha,0
StinkyBoy007,0
hackauron,0
Permanganato,0
TacticalEye,0
jpcheck,0
kesarev,0
blue_mask,0
Kudos,0
marathon_woman,0
mowpet,0
asew,0
labo531,0
agolp,0
TheWall_,0
CrazyMadMax2,0
Horobetz,0
MR-Siamak,0
arina1999,0
T3rminat0r,0
Voittamaton,0
amazingoid,0
mutuvan,0
assignee,0
blue13,0
ramtin939,0
palng,0
zxcvbnmzxcvbnm,0
leptonic,0
dreamwalker3,0
PRESA,0
StrangeMove,0
eqellar,0
suadba,0
ribarisah,0
JMD,0
infinite-automata,0
StefanNK,0
Daffix,0
TRO7,0
Castrito,0
tehraniran,0
tuskerking,0
halilov,0
jlindner,0
Bale11,0
slippo,0
stochastic9,0
Sergeguillemart,0
trio_rio,0
Some-Patzer,0
World-Loser,0
Matetricks,0
Alexinio99,0
Sutileza,0
glee,0
TheHoudini,0
mortezamesi1,0
_anachronist_,0
pakostnik,0
chessgogo2011,0
new77,0
Huevon,0
dual1,0
PowerfulChessPlayer,0
mikrofon,0
ZibbitVideos,0
iuytrewq147,0
GRN,0
pokemon_,0
Seppo,0
irusha,0
amourmonstre,0
jthc,0
ttmorteza1,0
Arkadiusz,0
Svesh,0
NoBanPlease,0
celas-of-clets,0
kutunas,0
ajdukapis,0
Toro3,0
MoralIntentions,0
chessnightmare,0
kanepe,0
Cheese_chess,0
pajaro,0
Soturi,0
I_laugh_at_you,0
prova4002,0
iks,0
nicky,0
superchess11,0
jonathantheh,0
Phaffans,0
pinkpony,0
lichess-,0
stochastic__,0
CarIsen,0
DrValue,0
lakdrcjbj,0
noti,0
nimanewmew,0
Stupidity_Tries,0
akraba,0
vicam,0
rrrtttyyy,0
_exlusive_,0
shredded,0
shakhe,0
goldenking1998,0
losos,0
ytt,0
Reppko,0
heel,0
temizlikci,0
rcedron,0
kokokoko79,0
_asket,0
Spellvexit,0
1smurf5,0
_patriot_,0
PlanToWin,0
lovlas,0
elrond,0
theitalian,0
namardee,0
BAXONIZO,0
vvvvvvv50540,0
cmcm5002,0
LDBKC,0
wvar,0
god_ofwar,0
sindirella,0
andrewrun,0
radyo,0
NABat,0
terslik,0
DaFud,0
wwr,0
PARACETAMOL,0
Ingentalang,0
aynalar,0
LUISJAVIERLP,0
gus_fring,0
erindreki,0
onxisback,0
Kojokari_Dmitri,0
FM-KARZAKI,0
pingogigante,0
Leone,0
Assios,0
ImprovingSkill,0
BOURAKA,0
Mat789189,0
hasta,0
amirkhafan,0
batilski,0
kirisis,0
MontessoriChess,0
kawskozah,0
mark_twain,0
cocoarg,0
sezwho,0
ENERGIE73,0
MingChang,0
wigglewiggle,0
akseb,0
AltaMachine,0
Kaaater,0
Ali_rastbod,0
Litium,0
Gorn,0
cypher-2199,0
elektroz,0
Plor,0
MiesesBruce,0
Noragerfromsweden,0
JeanH,0
OrangeSpaceDrink,0
FMiki,0
jeffforever,0
llolllll6,0
Spinaltap,0
mtluser,0
shammies,0
i_am_not_a_smart_man,0
mknz,0
D10Kas,0
Maotoonlente,0
_imitator_,0
zarrabi57,0
dolap,0
igo1,0
MAKARROS,0
zergy,0
maydanoz,0
GameStarted,0
ceref,0
aaa505050,0
stochastic7,0
amirkhanloomorteza20,0
Withouttalent,0
bikhial,0
chessfriend90,0
antibiotic,0
Daniel1999,0
binibin,0
OneOfTheQ,0
glube,0
amirkhanloomorteza,0
Shamil_Unknown,0
raskolnikov56,0
DEVELOP3R,0
Mish,0
lietuvis,0
watov,0
Ministre_pizza,0
hyperprior,0
topce,0
mmix,0
demaupassant,0
nnnnnnnn1,0
rt0306,0
oyt712345,0
Sokica_95,0
mmmmm2020202020,0
Blitzstream-twitch,0
kpop_star,0
heimoelo,0
icediamond7,0
Bagirow,0
esthete,0
alainsoral,0
sonic7,0
SocratesM,0
ttee,0
iuser76,0
Ratatinator,0
ava-n-1379,0
boatsnhoes,0
HHHHHHH0,0
Chess-mat,0
stupiid_ania94,0
TTTTTT11,0
nayme,0
amirkhanloomorteza12,0
kkkjhhggh12345,0
MINTUPIEZZI,0
Nictofobia,0
beater,0
WhatsLosing,0
JessePinkman,0
tornet,0
mmm0202,0
texttire,0
sekerlik,0
1nate2nate,0
yasrdhbol,0
monoid,0
lambda777,0
walkingparadox,0
JimmyMow,0
ujura,0
Choco3000,0
PLATINUM,0
portakal,0
konakjan,0
antoinette,0
Chechess,0
hyakinthos,0
-ParLaMenT,0
yavashington,0
nimaphkh-iran,0
MrPatate,0
shutupandplay,0
schnappi,0
Streepo,0
maulwurf,0
hashiva,0
huzun,0
Glotoswert,0
samane-t,0
Florinmagnus,0
bisan,0
fymax,0
Grettir,0
legend,0
PERSEI,0
pacal56,0
SomeBigName,0
Vihvillain,0
bal_gecesi,0
DariusIV,0
DontBeMad,0
lokomotiv_bz,0
ikuju0202,0
_CEKTAHT,0
cosinus,0
osipov,0
cxecxe,0
cypher2199,0
godofwar2014,0
karimov,0
modulo,0
BVB09,0
rajah,0
tricycle,0
DRAGONUA,0
Daimon1990,0
mehrabking,0
sigmaa,0
tygerty,0
pipisipis,0
fvgrgr0404,0
torkun,0
Bouchard,0
Cosine180,0
spab,0
yildizlarinaltinda,0
Frankel,0
ThapCuongVoGia,0
hiranyagarbha,0
JoaBN,0
ererrf0909,0
pythondave,0
ChessWhiz,0
sosisamm,0
arvin1372,0
gambiterr,0
clipperton,0
SSTotenkopf,0
Dominated,0
equilibrist,0
shaf,0
panaman,0
carlsen89,0
deozki,0
Neverhood,0
antawn,0
Alanas,0
Twinpeaks,0
keyboardwarriorr,0
yhyyyy,0
ceaser80,0
skynet13,0
slobozia,0
trrr,0
JasonVoorhees,0
JMC-,0
wheeee,0
borodavochnik,0
Thecheesykid,0
e1usion,0
Lajosportis,0
argo,0
adventist,0
Blitzki,0
Miniplus,0
impulsee,0
HoaiNiem,0
_l_l_l_,0
_innovator_,0
Benkoman,0
yuchen,0
bmw10,0
claymore,0
gabacho,0
TECTOCTEPOH,0
eternauta,0
_auditor_,0
masal,0
KNST_495_888,0
arna,0
cavanof,0
tweet,0
gnarizzy,0
kasma,0
Kingscrusher-YouTube,0
freakyavocado,0
Peeter,0
daunuoc,1
predejanex,1
Piquro,1
mfaraji,1
Siline,1
croarh51,1
Pikuro,1
knopp,1
SRF12jul12,1
ManFromMars,1
RPG77,1
Sonata2,1
thegoodknight,1
nilocairo,1
AntaresS81,1
lindogatito,1
gojkon,1
josefranciscotrator,1
take-it-ez,1
Lediamov,1
ketoprak,1
jorquerov,1
RSPIRES2,1
ecbg,1
abarmard765,1
rj1997,1
LRJ,1
AceofSpies,1
goltrpoat,1
joaoluizmonnerat,1
Laudatio,1
amin2101,1
Tjoffen,1
tens,1
Desteyn-2014,1
chesswolf,1
breizhladen,1
BOZ969,1
nadbog,1
sidneycrode,1
_-Mr_Vitaliy-_,1
Berezkin,1
Serzh1956,1
DuraznoSangrante,1
DragonRU,1
alexthegreat,1
frantoro,1
dj770,1
donairo,1
looka,1
sansechess,1
jiktak,1
CanadianChess,1
InTheEnd,1
fdd5544w,1
Pterodactyl,1
upep,1
fotc,1
matutin,1
deda1946,1
rigby,1
saeedherox,1
playcheckers,1
macho2014,1
Jusuf-Np,1
gligorije,1
Draker,1
DeathInTheToilet,1
frenck1,1
gile2510,1
ramires84,1
kafana,1
LoroVerde,1
AnatoliyPechenkin,1
rymrym2929,1
BearJr,1
Kamillentee,1
qweqweqweqwe1,1
ChikChak,1
kalitka_man,1
okazaki,1
vadikass,1
krassparov,1
ayka_99,1
accelix,1
my_revenge,1
ant1999chess,1
Quanganh1025,1
TT-68,1
KG_Chess,1
gulixuli,1
olborg,1
tembelek,1
ryksuguskyr,1
mich_5,1
anand1,1
x014y,1
Kiyotaka,1
zuriko,1
_-moloch-_,1
Hossein1992,1
rubiking,1
pulkownik0,1
yhtushko,1
oleg_h,1
Cliquot,1
Sergio_Aguero,1
gmv,1
Hallon,1
GoodTimes,1
Maria_K,1
Eliobonor,1
amayak,1
Patrizsche,1
Laterp,1
Shaeferov,1
kmd007,1
JokingHero,1
jarda,1
mstfa0,1
55555,1
godes,1
vay_ayi,1
ayathustra,1
peor2,1
gimpel,1
Yegresmd,1
Shouldbeworking,1
tranca,1
Chess_mosaics,1
paloverdekid,1
chessmusic,1
Romoda,1
jorp,1
konyol,1
ldlan,1
alexandr7522,1
Delgeriatrico,1
ATorrente,1
pmsryu,1
kazablanka,1
Tikal,1
Daddylonglegs,1
fi05,1
klaja,1
ozzychess,1
mokachino,1
astra,1
Koji,1
alekhin1937,1
kurton,1
InsanePwn,1
likor64,1
DuetKiller,1
BlauerKlaus,1
mustaplak,1
Buzzz2,1
andrei70ster,1
Sergey_,1
alemzo,1
MorozevichA,1
VasiliyProkopiev,1
Barista,1
spojar,1
tocaifriulano,1
_-horror-_,1
flogislife2,1
iman60,1
Capivarabq,1
naiche,1
night_rid3r,1
Gravey4rd,1
tatalimov,1
juanze21,1
watchout700,1
joe59,1
gracioso13,1
andreasw,1
joedoubt,1
Camembert,1
Jcat84,1
JakobBo,1
Chalberts,1
csm,1
lukdimarco,1
azaaadi2002,1
fidel_go,1
Daltonic,1
Germain,1
shelajev,1
zhoskirocker,1
langyen,1
Ed1,1
eviltwin,1
Teddie,1
denizn,1
GMICE,1
TASSADAR,1
Pulsy,1
ruter,1
Kobylka,1
pilocl,1
avanti,1
Yukhno_Alexander,1
mixst,1
cesar1994,1
macr0,1
Seredas,1
FuturoMestre,1
babi123,1
seigneur,1
xaxaxaxa,1
shatrangbaz,1
thoegersen,1
Anomander,1
CaicoAmaral,1
zembelek,1
aoao,1
bia,1
Porfirios,1
BigRip,1
king146,1
rashtao,1
malachi76,1
nikolaRBM,1
predejan,1
yuio,1
ChessBeam,1
ver_vas,1
crazyslon,1
Letins888,1
manono,1
bluediamond7,1
Blake,1
resmir,1
ramon444,1
liargo,1
artin-iran,1
luc5,1
Artur2014,1
a2a4h7h5,1
ellince,1
StrongAttacker,1
faulschlamm1,1
monstrella,1
ketombe,1
yasir752,1
Farshad54,1
kromzom,1
attitudal,1
aronian1,1
RezachessMaster78,1
vevesem,1
zorro2014,1
SSAARR,1
covua3001,1
Mohsenabutalebi,1
Philidor1792,1
Morphy91,1
orsonico,1
avv,1
rafaking,1
arminJM,1
guardman,1
fidelgo,1
shaxMSTAtist,1
kotbegemot,1
bizamil,1
Aplitic,1
paul58,1
Neologic,1
runawayscared,1
larpayam,1
whatever,1
BND,1
Orochimaru,1
MLUN,1
nikolaypetkov_bnpp,1
arpouille,1
bahar1389,1
moj1990,1
Protoreus,1
suparno,1
kknight,1
Luters,1
alejandroo19,1
szachpat,1
zoranz,1
RudolfSpielmann,1
Vicious,1
mazetr,1
GMShaokhan,1
Bg7,1
romarfa,1
Xaxatun,1
Chiribim,1
Chessrk,1
Lunaticz,1
Dreampower,1
TheOldOne,1
wichy,1
shutyomov,1
GruenfeldAdict,1
upandcomer,1
vepashka,1
ql50,1
jstraaten,1
Castlan,1
jaier,1
ZeruHmyz,1
Pierrodactyle,1
Shachspielkunst,1
arkadi1958,1
dodi65,1
mahyar-90,1
honzarusnak,1
YouralterEgo,1
Drak,1
Petrovich63,1
ranzo,1
blastol,1
duzi1964,1
TTZO,1
jorquerino,1
nafnaf54,1
darhaa,1
Morric,1
ari_atoy,1
KotovSyndrome,1
kabaplanca,1
gogf88,1
ZugAddict_Twitch,1
leo0021,1
Skinmaster,1
Giftzwerg,1
gonzalesramon,1
caiosparov,1
Wachen,1
naser-----,1
Svonti,1
frost111,1
brahmsguitar,1
catzilla,1
Adegeminas,1
inzeitnot,1
chesslion,1
moutcho,1
arc_chess,1
jotjesus,1
DarkHole,1
babken,1
SATO1,1
MurphyLasker,1
TrialB,1
igorxxx,1
lasker2,1
alienb,1
Frankovich73,1
Polmipoque,1
bulus,1
dan31,1
cantona1362,1
antavirus,1
milanbelobrk,1
einsam,1
papito2014,1
Ns7edR0EMCZONRp1g7FN,1
Riddik345,1
OPTYMUS,1
oxymoron21st,1
desmo,1
t-feng,1
Bordok,1
SuperMi,1
ryujin,1
nuwonga,1
Monyassa,1
jankud,1
taulajoe,1
payman7,1
glablabla,1
Artusik12357,1
Vadim3000,1
JaffaCakes,1
phil9234,1
mecker,1
Salgadim,1
lttoledo,1
nuam,1
Kushtrimh,1
-_si_-,1
amir79,1
pulkownik1,1
azaharia,1
GodsLeftHand,1
Akademia0,1
MensaNTXS,1
androsh,1
tibi,1
Chovier,1
serge_vw1,1
expert700,1
Dajaneira,1
milancuruvija,1
IvTK,1
EricKaneda,1
SVIST15,1
zulo,2
leguizcaro,2
botanik2,2
topazxan,2
raminder57,2
ChesSuxX,2
lyuw,2
dex26,2
Demonique,2
AP007,2
keyhanone,2
TheIniciative,2
Tsiri86,2
Korjab,2
Flasher452,2
xithry,2
microcommega,2
FifthCategory,2
drmanthan321,2
younes_1990,2
kostya19841,2
littlefiotte,2
I-_-I,2
sale83,2
salagaa,2
NjScotsGuy,2
rigosj,2
matjuck,2
veryclear700,2
gladpie,2
muntesu,2
d_mikle,2
elmaliii,2
YvesAnchouk,2
LordKiseiju,2
pirketo,2
homoeporediensis,2
vnimatelevsfg,2
Souren,2
mahshid,2
Safifa,2
DrMorte,2
langtubeo,2
ufvij,2
jhkij,2
SINA_001,2
dorsa1392,2
fhermann,2
Kramfran,2
Krochnoi,2
yhfjmxm,2
impacto,2
kansinat,2
alexkoay,2
vladfeod,2
Lasker1900,2
ZZ7A,2
arshavir,2
andreichess,2
EDPAUL,2
ximoxo,2
BernardBlack,2
cug,2
amigochez,2
ChessFantom,2
subpixel,2
sky2014,2
saber-v,2
mahavj,2
rachomtbg,2
pulsar,2
Rahim51,2
PoJer,2
hosein1991,2
uzaif,2
Salar_51,2
k2052,2
bandit650s,2
clinisbu,2
durnius,2
plush1,2
Andp,2
old13,2
danielcuva,2
marina17,2
BuffaloMuch,2
saghar1383,2
goraja,2
alpay,2
Ivan_Vodka,2
Ranger7168,2
ustag,2
ajosilso,2
mofo,2
gari-k,2
mpf67,2
javadsh,2
Mirze1,2
jcb312,2
muschi,2
Karpov14,2
Magnushoracio,2
ubvftd,2
Buckokokos,2
kholifatullah,2
zekinha16,2
bahram33,2
nesa10,2
pridoni,2
Dake,2
JYOTHSNA-NLC,2
liutikoff,2
millin,2
Egor777,2
gpv,2
Ludwig_I,2
jaipov,2
lifeislive,2
Kollanda,2
drseuss,2
Aiss,2
gambitron9000,2
antonije,2
ZZ2Z277,2
Cerceris,2
VELHOTE,2
tal-i-alo,2
lion25,2
ehsan_fire,2
Morfi4,2
xnowayx,2
dsfddsdsds,2
tir44,2
xequito,2
RiccardoRubino99,2
Red_Allert,2
Clark-Bent,2
seyedsaeed,2
ludonissa,2
yayan,2
Raf48,2
kurzeme,2
Maricki,2
maximmo,2
Lewis61,2
christopheh,2
soapytime,2
Shermukshnelis,2
Putinovic,2
gat0555,2
olman2011,2
hentes81,2
Confutatis,2
river13,2
pochocho76,2
Lagrange,2
Bozantium666,2
narkohat,2
yfhjfghynm,2
alia234,2
noname8,2
pumpicka,2
fogof,2
xtrem999,2
nolp,2
luisreynoso,2
salar,2
bakovka,2
horst,2
sasha111,2
Ronin13,2
RBT02X,2
Butafor,2
abbasimehdi60,2
mk64,2
fra403,2
duarthes,2
trotil_,2
giuliob,2
Jurij,2
Toadofsky,2
registrado,2
vit2014,2
darewing,2
totalchess,2
Clams,2
Discofox,2
azertyu123,2
pawn-x,2
Varon,2
knap,2
JOWD,2
hosein1970,2
pasoviola69,2
Nrock,2
Yaguarete,2
lex-1,2
Varjag,2
mashir,2
yjunior2013-1,2
sumandas,2
nefantii,2
amirkokoamli,2
SanPedro,2
dorongmata,2
diogo007,2
zdenek,2
Ced97418,2
sylva,2
ashtari,2
bauk,2
AnnieK,2
ti812,2
pachamama,2
sisili,2
grandwwwlz,2
HillHock,2
hashemian,2
sajjad_mobaraki,2
littlefiottethebest,2
ka6an,2
chessbandit,2
ostadbozorg3400,2
Cafetiere,2
blueguy7,2
CARLSENOV,2
bob62,2
dindin1,2
svetozar,2
Trinidad84,2
Morie1213,2
outlier,2
aurel,2
akramcharfeddine,2
jamasukro123,2
Danverg,2
marikov,2
turgutcosan,2
oquzlar,2
petra,2
HeunD,2
Phyisis,2
escalibut,2
worms123,2
vid,2
Lyova,2
vvai,2
halley,2
mesi2014,2
yspb,2
olacy,2
IMBallesteros,2
Vlad76,2
Pro_100_Mika,2
bigorneau,2
zimar,2
waxd,2
Oberst,2
litning,2
danlokgarzon,2
tutuy,2
Kuroda,2
mahir123,2
intobolivian,2
80206000,2
magic-milo,2
branislav43,2
Rafael100,2
nesher,2
aruo,2
comegatas,2
Zolotaja13,2
_coco_,2
HiddenCatch,2
kaZuHA,2
Eurekatimes,2
karlsrue,2
grigri,2
realder,2
Mcrapbel,2
GMstrange,2
TX1,2
Guras,2
Kazan2502,2
D31282,2
Bishnu,2
Shumov,2
sah10,2
winner78899,2
Rioma,2
Matador_Angelo,2
younes6767,2
iNUiT_nUNAAt,2
areza,2
JTMFC,2
paradigma,2
nik900,2
vktrch,2
sicilianmaster,2
SerrNikk,2
GrabWlad,2
91123020,2
younes45675,2
nomistakes7,2
greyberry,2
aroshka,2
mixx,2
leonsupreme,2
Surjadi,2
ali13agheri,2
kulje,2
itsmagic,2
gaith,2
karpov3,2
cofee-chess-11,2
mxs,2
ZSZZ,2
Andreyp,2
exiit,2
olegplus,2
kamal1386,2
gamlet,2
Leningrado,2
Feder,2
GMIsmael,2
yura_hist,2
kkk68,2
unknonsense,2
pac2103,2
nqclimaster,2
LevonKarapetyan,2
ferchos,2
Kokon-25,2
azadi,2
Milan2334,2
lt1,2
fras20016,2
nietszche,2
misaaa,2
Vulpini,2
SKI1946,2
BlackFury,2
ZSZ8,2
SMJT,2
pjsino,2
zizzou,2
Dcollins,2
paximi,2
voditel,2
RUMVI,2
Binimoy,2
hosein1370,2
qulko,2
vas1945,2
arazaraz,2
McKane,2
dede2014,2
Szpilman,2
yalenydd,2
sachinder,2
javid1322,2
wind1982,2
durrrrr,2
futurum,2
brzigonzalez,2
Stepanesayan,2
killourtrees,2
Taolu,2
pancholon3000,2
_babuin_,3
Badkoos,3
BAHTIYAR,3
crazymetalxxx,3
Micky-Micky,3
Tifus,3
krasIn,3
catal,3
_KO_,3
akselerat,3
_introvert_,3
Tata190,3
sidharth13,3
Vlaolbold,3
Portos2010,3
boncoup,3
avangardist,3
JonggXi,3
CormoranKR,3
MKna150,3
mmmm6325,3
Mahmud,3
vvvbbbbnnnggg,3
LeeWanCleef,3
partizan73,3
ania94,3
karelusmaksimus,3
vaccins,3
aceleci,3
luis_alfredop,3
Adam82,3
breaky,3
xcxxxx52,3
_exorcist_,3
_mustapha_,3
ShPad,3
Rettousei,3
moi373737,3
abucavid,3
IgorKoc,3
novisad01,3
fasulye,3
parevluves,3
ACKET,3
santral,3
saluki,3
samir0009,3
Death1vs1,3
bitarafinagirsin,3
samodelkin,3
mm3210,3
_Theoretik_,3
savef,3
M_M_M,3
watersign,3
MARKEUR,3
Nevski,3
yfgtyjnuu1,3
JackBauer,3
CEKTAHT_,3
DreamLight6767,3
xX420_N0Sc0p3zXx,3
ComeUppance,3
santer,3
azaxc0101,3
raMtiN_MagNuS,3
solenko,3
tagaharang,3
LittleDidYouKnow,3
finalflash,3
ArKen,3
Churro,3
dfdfdt0202,3
D_Stahlberg,3
anty,3
johny_,3
RobbyFischer,3
dui_rp,3
ranger64,3
lllllll8568,3
miao,3
fenix13,3
didigaga,3
sehpa,3
sousapensador,3
jjvolf79,4
edrisiran,4
cinics,4
younes76656,4
misko111,4
istil,4
MxTriX_,4
kapa2,4
qazplmwsxokn,4
Acorus,4
_Kozel_,4
litavrist,4
javadsharoi,4
awesomeadam,4
Nerwal,4
oplya,5
jox52,5
kabukiman,5
blablub,5
sadman11,5
mb1,5
BATA007,5
sofi410,5
Alex_1987,5
hazael,5
nimapashikhs0098,6
nimapashikh006,6
nimapashi003,6
nimapashikhiriran001,6
nimapashikh0098,6
nimapashikhtabrizira,6
nimapashikhirtabriz,6
nimapashinew005,6
GNBGHBGH,7
Blitz1777,7
KSKSKSKSXFNDMVCNMXV,7
KIKIKIKIKCVKC,7
HJKJKHJK,7
Blitz177,7
oshkob,8
bababbabab,8
haky,8
barane,8
goldhourse,8
fincan,9
ohdy,9
twitch_martiss45,9
BAZOUKA,9
fernandeszorro,10
mehere,10
Anonim_13,10
wolfychess,10
orginalea,11
stabilizator_,11
chessfune,11
Lockstockandtwo,12
MisterBiggStuff,12
Indomable,12
Suerte,13
potus0,13
saroyan1990,14
PlayForLife,14
benayon,15
DrinkaBit,15
Justlikemusic,16
alkemisti,16
faku312,17
motet,17
nimapashimr,18
MRnimapashi,18
azaz0101,19
DOGALGAZ,19
Al3j0,20
acmeeeeeen,20
baba0,21
HydroLux,21
PawnGambit,22
KarelusMaximus,22
_retrograd,23
newnomew,23
angelus666,24
Breslin,24
master-chess,25
banebojnik,25
obloumov,26
PhilyL,26
aptallar,27
epsilon1,27
alikamak,28
zivnix,28
lisek91,29
letmeplaynow,29
daji1006,30
joemanji,30
zerosquad,31
turbocut,31
