ID,Win Rate,Elo Bucket
\=-ParLaMenT,0,
-_______-,0.909090909,2080
-_si_-,1,2040
1nate2nate,0.64516129,2040
1smurf5,0,2040
55555,0,2000
80206000,0.5625,2000
91123020,0.352941176,2120
ACKET,0,2160
AP007,0.333333333,2000
ATorrente,0.474358974,2040
AceofSpies,0.666666667,2120
Acorus,0.5,2000
Adam82,0.6,2120
Adegeminas,0.428571429,2080
Aiss,1,2000
Akademia0,0.8,2040
Al3j0,0,2000
Alanas,0.268292683,2400
Albator,0.412844037,2160
AlexDeSouza,1,2120
Alex_1987,0.5,2000
Alexinio99,0.538461538,2120
Ali_rastbod,0.51,2320
AltaMachine,1,2000
AnatoliyPechenkin,0.756097561,2000
Andp,0.8,2040
Andreyp,1,2040
AnnieK,0.5,2000
Anomander,0.294117647,2240
Anonim_13,0.25,2040
AntaresS81,0.3,2120
Aplitic,0.285714286,2200
ArKen,0,2000
Argentinaa,0.75,2040
Arkadiusz,0.80952381,2000
Artur2014,0,2120
Artusik12357,1,2040
Assios,0.650306748,2240
BAHTIYAR,1,2000
BATA007,1,2000
BAXONIZO,0.6875,2040
BAZOUKA,0.428571429,2040
BND,0.645833333,2040
BOURAKA,1,2000
BOZ969,1,2160
BVB09,0.494623656,2080
Badkoos,1,2000
Bagirow,0.714285714,2040
Bale11,1,2080
Baluk,0.519230769,2120
Barista,1,2000
BearJr,0.674418605,2040
Benkoman,0.333333333,2000
Berezkin,0.49691358,2120
BernardBlack,0,2080
Bg7,0,2040
BigBugBenteke,0.526315789,2160
BigRip,0.461538462,2160
Binimoy,0,2000
Bishnu,0.5,2120
BlackFury,0.8,2120
Blake,0.615384615,2040
BlauerKlaus,0,2000
Blitz177,0.5,2000
Blitz1777,0,2280
Blitzki,0.333333333,2040
Blitzstream-twitch,0.32115869,2440
Bordok,0.578947368,2040
Bouchard,1,2040
Bozantium666,0.238095238,2160
Breslin,1,2120
Buckokokos,0.551724138,2040
BuffaloMuch,0,2040
Butafor,0.333333333,2120
Buzzz2,1,2000
CARLSENOV,1,2120
CEKTAHT_,0,2000
Cafetiere,1,2000
CaicoAmaral,0.638888889,2040
Camembert,1,2000
CanadianChess,1,2080
Capivarabq,1,2000
CarIsen,1,2000
Castlan,0.461538462,2080
Castrito,0.222222222,2040
Ced97418,0.5,2000
Cerceris,0,2040
Chalberts,0.489208633,2080
Chechess,0.469135802,2040
Cheese_chess,0.75,2120
ChesSuxX,1,2000
Chess-mat,1,2000
ChessBeam,0.5,2080
ChessFantom,0.75,2000
ChessWhiz,0,2000
Chess_mosaics,0.675,2000
Chessrk,0,2000
ChikChak,1,2000
Chiribim,0,2080
Choco3000,0,2000
Chovier,0.6,2120
Churro,0,2080
Clams,1,2080
Clark-Bent,1,2040
Cliquot,0.333333333,2000
ComeUppance,0.6,2120
Confutatis,0,2080
CormoranKR,0.58,2040
Cosine180,0.666666667,2080
CrazyMadMax2,0.767857143,2040
CrazyMadMax3,0.570552147,2120
D10Kas,1,2000
D31282,0.75,2000
DEVELOP3R,0.5,2160
DOGALGAZ,0,2240
DRAGONUA,1,2080
D_Stahlberg,0.418604651,2080
DaFud,0.769230769,2080
Daddylonglegs,0,2000
Daffix,0.396825397,2200
Daimon1990,0.375,2040
Dajaneira,0.615384615,2000
Dake,0,2080
Daltonic,0.666666667,2000
Daniel1999,0.442857143,2160
Danverg,0.263157895,2080
DariusIV,0.625,2080
DarkHole,1,2120
Dcollins,1,2000
Death1vs1,1,2000
DeathInTheToilet,0.384615385,2040
Delgeriatrico,0.25,2000
Demonique,0.55,2000
Desteyn-2014,0,2000
Discofox,0.272727273,2120
Dominated,0.301886792,2440
DontBeMad,0.222748815,2440
DrMorte,1,2000
DrValue,0.489130435,2080
DragonRU,0.333333333,2200
Drak,0.333333333,2120
Draker,0,2000
DreamLight6767,1,2120
Dreampower,0.6,2080
DrinkaBit,0,2160
DuetKiller,0.5,2080
DuraznoSangrante,0.666666667,2000
EDPAUL,0.5,2080
ENERGIE73,0.458333333,2160
Ed1,0,2080
Egor777,1,2000
Eliobonor,0,2080
EricKaneda,0.8,2000
Eurekatimes,1,2000
FM-KARZAKI,0.7,2160
FMiki,1,2000
Farshad54,0.49,2040
Feder,0,2040
FifthCategory,0.5,2000
Flasher452,0,2000
Florinmagnus,0.541984733,2040
Frankel,0,2000
Frankovich73,1,2000
FuturoMestre,0.125,2040
GMICE,1,2000
GMIsmael,0,2040
GMShaokhan,0.75,2080
GMstrange,0.5,2040
GNBGHBGH,0.857142857,2040
GRN,0.666666667,2040
GameStarted,0.583333333,2040
Germain,0.567741935,2000
Giftzwerg,1,2040
Glotoswert,1,2000
GodsLeftHand,0,2040
GoodTimes,0.535714286,2120
Gorn,0.537037037,2160
GrabWlad,1,2120
Gravey4rd,0.25,2320
Grettir,0.666666667,2000
GruenfeldAdict,0.6,2000
Guras,0.5,2080
HHHHHHH0,1,2000
HJKJKHJK,0.454545455,2280
Hallon,0.666666667,2000
HeunD,0.333333333,2000
HiddenCatch,1,2040
HillHock,1,2160
HoaiNiem,0.6,2040
Horobetz,0.342465753,2360
Hossein1992,1,2000
Huevon,0.458333333,2040
HydroLux,0.5,2320
I-_-I,1,2000
IMBallesteros,0.428571429,2120
I_laugh_at_you,0.125,2040
IgorKoc,0.618556701,2040
ImprovingSkill,0.26344086,2360
InTheEnd,0,2360
Indomable,1,2000
Ingentalang,0.576470588,2040
InsanePwn,0.611111111,2040
IvTK,0.507692308,2040
Ivan_Vodka,1,2000
JMC-,0.666666667,2040
JMD,0.527777778,2080
JOWD,1,2120
JTMFC,0.5,2000
JYOTHSNA-NLC,1,2000
JackBauer,1,2040
JaffaCakes,0.5,2000
JakobBo,0.631578947,2080
JasonVoorhees,0.5,2120
Jcat84,0.40625,2080
JeanH,0.493506494,2200
JessePinkman,0,2600
JimmyMow,0.679245283,2040
JoaBN,0.353982301,2440
JokingHero,0,2040
JonggXi,0.64516129,2040
Jurij,0.444444444,2040
Justlikemusic,1,2040
Jusuf-Np,0.485714286,2040
KG_Chess,0.75,2040
KIKIKIKIKCVKC,0.5,2400
KNST_495_888,0.818181818,2000
KSKSKSKSXFNDMVCNMXV,0.444444444,2360
Kaaater,1,2000
Kamillentee,0.64516129,2080
KarelusMaximus,0,2040
Karpov14,0.5,2000
Kazan2502,0.451612903,2120
Kingscrusher-YouTube,0.578778135,2160
Kiyotaka,0.166666667,2200
Kobylka,0.444444444,2040
Koji,1,2000
Kojokari_Dmitri,0.16,2280
Kokon-25,0,2000
Kollanda,0.4,2040
Korjab,0,2200
KotovSyndrome,0,2000
Kramfran,0.411764706,2040
Krochnoi,0.666666667,2000
Kudos,0.448979592,2040
Kuroda,1,2000
Kushtrimh,0.413793103,2040
LDBKC,0,2000
LRJ,0,2040
LUISJAVIERLP,0.230769231,2200
Lagrange,1,2160
Lajosportis,0.5,2040
Lasker1900,0.095238095,2320
Laterp,0.5,2040
Laudatio,0.304347826,2000
Lediamov,0.533333333,2000
LeeWanCleef,0.375,2040
Leningrado,0.5,2040
Leone,1,2000
Letins888,1,2040
LevonKarapetyan,1,2000
Lewis61,0.666666667,2000
Litium,0.429577465,2120
LittleDidYouKnow,0,2120
Lockstockandtwo,0.333333333,2200
LordKiseiju,0,2200
LoroVerde,0.554347826,2080
Ludwig_I,1,2000
Lunaticz,1,2000
Luters,0.428571429,2080
Lyova,0,2040
MAKARROS,0.833333333,2000
MARKEUR,0.681818182,2080
MINTUPIEZZI,1,2080
MKna150,0.625,2000
MLUN,0.492647059,2040
MONOZEVICH,0.625,2080
MR-Siamak,0.582278481,2040
MRnimapashi,0,2120
M_M_M,1,2200
Magnushoracio,0.666666667,2120
Mahmud,0.25,2080
ManFromMars,0.6,2000
Maotoonlente,0.666666667,2000
Maria_K,0.524590164,2080
Maricki,0.684210526,2000
Mat789189,0.692307692,2040
Matador_Angelo,0.666666667,2000
Matetricks,0.384615385,2480
McKane,0.2,2160
Mcrapbel,1,2000
MeikeSchlecker,0.460869565,2320
MensaNTXS,1,2040
Micky-Micky,0.15,2360
MiesesBruce,1,2040
Milan2334,0.5,2040
MingChang,0.228813559,2200
Miniplus,1,2120
Ministre_pizza,0.555555556,2040
Mirze1,0,2200
Mish,0.61627907,2160
MisterBiggStuff,0.5,2240
Mohsenabutalebi,0.35,2160
MontessoriChess,0.5,2000
Monyassa,1,2000
MoralIntentions,1,2000
Morfi4,0,2080
Morie1213,0.666666667,2200
MorozevichA,0.8,2120
Morphy91,0.333333333,2000
Morric,0,2000
MrPatate,0.684210526,2040
MurphyLasker,1,2000
MxTriX_,0,2040
NABat,0.484536082,2160
Neologic,0.666666667,2200
Nerwal,0.25,2080
Neverhood,0,2240
Nevski,0.538461538,2040
Nictofobia,0.634285714,2040
NjScotsGuy,0.416666667,2120
NoBanPlease,0.6,#N/A
Noragerfromsweden,0.661764706,2000
Nrock,0.4,2080
Ns7edR0EMCZONRp1g7FN,1,2080
OCoringa,0.421800948,2200
OPTYMUS,1,2080
Oberst,0.666666667,2120
OneOfTheQ,0.791666667,2000
OrangeSpaceDrink,0.296610169,2360
Orochimaru,0.1875,2280
PARACETAMOL,1,2000
PERSEI,0.517241379,2040
PLATINUM,0.291666667,2160
PRESA,0.267857143,2520
Patrizsche,0.5,2080
PawnGambit,1,2040
Peeter,0.382352941,2120
Permanganato,1,2000
Petrovich63,0.615384615,2080
Phaethon,0.536082474,2080
Phaffans,0.330543933,2320
Philidor1792,0.4,2040
PhilyL,0.5,2040
Phyisis,0.75,2080
Pierrodactyle,1,2000
Pikuro,0.545454545,2040
Piquro,0.634146341,2000
PlanToWin,0.666666667,2240
PlayForLife,0,2120
Plor,0.5,2120
PoJer,0,2080
Polmipoque,0.545454545,2040
Porfirios,0.5625,2000
Portos2010,0.52,2040
PowerfulChessPlayer,0.508474576,2160
Pro_100_Mika,0.5,2000
Protoreus,0.555555556,2000
Pterodactyl,0.338983051,2160
Pulsy,1,2080
Putinovic,0.25,2040
Quanganh1025,0.75,2040
RBT02X,0.6,2080
RPG77,0.333333333,2120
RSPIRES2,0.75,2000
RUMVI,0.5,2080
Raf48,0.555555556,2080
Rafael100,0.545454545,2040
Rahim51,0.564102564,2040
Ranger7168,1,2000
Ratatinator,0.571428571,2000
Red_Allert,0.666666667,2000
Reppko,0.644230769,2040
Rettousei,0.25,2080
RezachessMaster78,0.555555556,2080
RiccardoRubino99,0,#N/A
Riddik345,0.25,2200
Rioma,0.666666667,2000
RobbyFischer,0.142857143,2080
Romoda,0.50862069,2120
Ronin13,0.5,2040
RudolfSpielmann,1,2120
SATO1,0,2200
SINA_001,1,2000
SKI1946,0.525,2040
SMJT,0,2040
SRF12jul12,0.5,2120
SSAARR,0,2000
SSTotenkopf,0.75,2080
SVIST15,1,2040
Safifa,0.4,2120
Salar_51,0.5,2040
Salgadim,0.5,2160
SanPedro,0,2160
Seppo,1,2160
Seredas,0.166666667,2320
Sergeguillemart,0.666666667,2000
Sergey_,1,2040
Sergio_Aguero,0.644444444,2000
SerrNikk,0,2000
Serzh1956,0.606060606,2040
ShPad,1,2000
Shachspielkunst,0.666666667,2040
Shaeferov,0.625,2000
Shamil_Unknown,0.375,2120
Shermukshnelis,0,2120
Shouldbeworking,0.555555556,2000
Shumov,0.2,2080
Siline,0.666666667,2000
Skinmaster,0.333333333,2040
SocratesM,1,2040
Sokica_95,0.833333333,2080
Some-Patzer,0.225609756,2600
SomeBigName,0,2280
Sonata2,0.75,2000
Soturi,0.833333333,2000
Souren,1,2000
Spellvexit,0.8,2000
Spinaltap,0.4,2280
StefanNK,1,2000
Stepanesayan,0,2000
StinkyBoy007,0.444444444,2080
StrangeMove,0.18705036,2440
Streepo,1,2080
StrongAttacker,1,2000
Stupidity_Tries,0.634751773,2200
Suerte,0.571428571,2040
SuperMi,0.603174603,2040
Surjadi,1,2040
Sutileza,1,2040
Svesh,0.540816327,2040
Svonti,0.571428571,2000
Szpilman,0,2000
T3rminat0r,0.58974359,2000
TASSADAR,0.512820513,2040
TECTOCTEPOH,1,2120
TRO7,0.333333333,2160
TT-68,0.285714286,2080
TTTTTT11,1,2120
TTZO,0.485714286,2040
TX1,1,2000
TacticalEye,1,2000
Taolu,0,2160
Tata190,0.7,2000
Teddie,1,2000
ThapCuongVoGia,0.5,2000
TheHoudini,1,2040
TheIniciative,0.666666667,2080
TheOldOne,1,2000
TheWall_,0.4,2040
Thecheesykid,0.33,2280
Tifus,0.64,2000
Tikal,0.25,2040
Tjoffen,0.222222222,2120
Toadofsky,1,2000
Toro3,0,2080
TrialB,0.65,2040
TrickOrTreat,0.185185185,2400
Trinidad84,0.333333333,2000
Tsiri86,0.5,2040
Twinpeaks,0.75,2000
VELHOTE,1,2000
Vadim3000,1,2000
Valtor,0.791666667,2000
Varjag,1,2000
Varon,0.666666667,2040
VasiliyProkopiev,0.5,2000
Vicious,0.5,2000
Vihvillain,0.414965986,2080
Vlad76,1,2000
Vlaolbold,0.5,2000
Voittamaton,0.777777778,2000
Vulpini,0.666666667,2040
Wachen,0.5,2080
WhatsLosing,1,2080
Withouttalent,1,2040
World-Loser,0.727272727,2000
Xaxatun,1,2040
Yaguarete,0.580645161,2040
Yegresmd,0.463414634,2080
YouralterEgo,1,2000
Yukhno_Alexander,0.388888889,2200
YvesAnchouk,0.333333333,2120
ZMAJ,0.703225806,2000
ZSZ8,1,2040
ZSZZ,1,2000
ZZ2Z277,0.5,2040
ZZ7A,1,2040
ZeruHmyz,0.405882353,2200
ZibbitVideos,0.541666667,2280
Zolotaja13,1,2080
ZugAddict_Twitch,0,2080
_-Mr_Vitaliy-_,0.5,2000
_-horror-_,0.833333333,2080
_-moloch-_,0.833333333,2000
_CEKTAHT,1,#N/A
_KO_,0.5,2040
_Kozel_,1,2080
_Mustapha,0.333333333,2120
_Theoretik_,1,2240
_anachronist_,1,2080
_asket,0.833333333,2160
_auditor_,0.666666667,2160
_babuin_,1,2040
_coco_,0.25,2120
_exlusive_,0,2120
_exorcist_,0,2000
_imitator_,1,2160
_innovator_,0.666666667,2200
_introvert_,0.222222222,2160
_l_l_l_,0.518867925,2160
_mustapha_,1,2040
_patriot_,0.5,2160
_praktikant_,1,2160
_retrograd,0,2120
a2a4h7h5,1,2000
aaa505050,1,2040
abarmard765,0.480392157,2040
abbasimehdi60,1,2040
abucavid,0.5,2040
accelix,1,2000
aceleci,1,2160
acmeeeeeen,1,2000
adventist,1,2080
agolp,1,2000
ajdukapis,0.727272727,2000
ajosilso,0.666666667,2000
akraba,0.492537313,2200
akramcharfeddine,1,2080
akseb,0.769230769,2000
akselerat,0,2240
alainsoral,0.644897959,2000
alejandroo19,0.333333333,2160
alekhin1937,1,2000
alelagi,0.333333333,2040
alemzo,1,2000
alexandr7522,0.833333333,2080
alexkoay,1,2000
alexthegreat,0.5,2040
ali13agheri,0.5,2120
alia234,0.727272727,2000
alienb,0.75,2000
alikamak,0,2040
alkemisti,0.416666667,2080
alpay,0.545454545,2040
amayak,0.6,2040
amazingoid,0.297619048,2360
amigochez,1,2000
amin2101,1,2000
amir79,1,2000
amirherkul,0.631578947,2200
amirkhafan,0.541436464,2200
amirkhanloomorteza,1,2120
amirkhanloomorteza12,1,2080
amirkhanloomorteza20,1,2040
amirkokoamli,0,2200
amourmonstre,0.201550388,2400
anand1,0.666666667,2040
andreasw,0,2080
andrei70ster,1,2000
andreichess,0,#N/A
andrewrun,0.347222222,2200
androsh,1,2000
angelus666,0,2200
ania94,0.523809524,2040
ant1999chess,1,2120
antavirus,0.5,2000
antawn,0.8,2040
antibiotic,0.571428571,2120
antibiotik,0,2200
antoinette,0.645833333,2040
antonije,0,2000
antonov666,0,2360
anty,0.666666667,2000
aoao,1,2040
aptallar,0.4,2040
arazaraz,0.622222222,2080
arc_chess,0.414634146,2120
areza,0.5,2000
argo,0.847826087,2000
ari_atoy,0.5,2040
arina1999,0.551724138,2080
arkadi1958,1,2000
arminJM,1,2040
arna,0.472527473,2280
aronian1,0.666666667,2040
aroshka,1,2000
arpouille,0.528301887,2080
arshavir,1,2000
artin-iran,0.777777778,2040
aruo,0.555555556,2000
arvin1372,1,2040
asew,1,2080
ashtari,0.75,2040
assignee,0.5,2080
astra,1,2000
attitudal,0.2,2040
aurel,0.5,2000
ava-n-1379,1,2360
avangardist,0.5,2040
avanti,0.5,2000
avv,0.397435897,2080
awesomeadam,1,2080
ayathustra,0.5,2040
ayka_99,0.52,2040
aynalar,0.1,2240
azaaadi2002,0,2200
azadi,0.7,2000
azaharia,0.75,2000
azaxc0101,1,2040
azaz0101,1,2000
azertyu123,1,2040
baba0,1,2440
bababbabab,0,2200
babi123,1,2520
babken,0.46969697,2080
bahar1389,0.5,2000
bahram33,1,2040
bakovka,0.396226415,2040
bal_gecesi,0.384615385,2160
bandit650s,0,2320
banebojnik,1,2000
barane,1,2040
batilski,0.666666667,2040
batman2000,0.666666667,2040
bauk,1,2080
beater,0.666666667,2200
benayon,1,2160
bia,0,2000
bigorneau,0.666666667,2080
bikhail,0.538461538,2160
bikhial,0.405991077,2200
binibin,0.4,2040
bisan,0.75,2040
bitarafinagirsin,0,2040
bizamil,0.666666667,2040
blablub,0,2200
blastol,0.230769231,2120
blue13,0.730769231,2000
blue_mask,1,2000
bluediamond7,1,2000
blueguy7,0.4,2200
bmw10,1,2040
boatsnhoes,1,2000
bob62,1,2000
boncoup,0.6,2040
borodavochnik,1,2160
botanik2,0.875,2000
brahmsguitar,0.5,2000
branislav43,0.285714286,2080
breaky,1,2000
breizhladen,0.65,2040
brzigonzalez,0.5,2120
bulus,0,#N/A
caiosparov,0.722222222,2000
cantona1362,0.5,2080
carlsen89,0.333333333,2000
catal,0.666666667,2160
catzilla,0.888888889,2000
cavanof,0.436363636,2240
ceaser80,0,2080
celas-of-clets,0,2480
ceref,0.333333333,2000
cesar1994,0.388888889,2040
chessbandit,0.25,2120
chesserstein,0.474452555,2160
chessfriend90,0,2040
chessfune,0,2360
chessgogo2011,1,2000
chesslion,0,2000
chessmusic,0.484126984,2080
chessnightmare,0.587719298,2200
chesswolf,1,2000
christopheh,0,2000
cinics,1,2000
claymore,0.557059961,2120
clinisbu,0.318181818,2120
clipperton,0.636363636,2000
cmcm5002,1,2040
cocoarg,0.536082474,2000
cofee-chess-11,0,2080
comegatas,1,2000
cosinus,0.558823529,2120
covua3001,0,2000
crazymetalxxx,1,2040
crazyslon,0.604938272,2040
croarh51,0.3,2240
csm,0.666666667,2040
cug,0.36,2120
cxecxe,0.644444444,2080
cypher-2199,1,2000
cypher199,0.666666667,2080
cypher2199,0.6,2080
d_mikle,1,2120
daji1006,1,2000
dan31,0.8,2040
danielcuva,0.833333333,2000
danlokgarzon,0.5,2000
darewing,0.636363636,2040
darhaa,0.8,2000
daunuoc,1,2040
deda1946,1,2000
dede2014,0.4,2120
demaupassant,0.181818182,2160
denizn,0.416666667,2200
deozki,1,2000
desmo,1,2000
dex26,0.272727273,2120
dfdfdt0202,0.2,2080
didigaga,1,2000
diegor,0.875,2040
dindin1,1,2080
diogo007,0,2280
dj770,1,2000
doc2,0,2000
dodi65,0.6,2000
dolap,0.75,2000
donairo,0.666666667,2000
dondurma,0,2320
dorongmata,0.5,2080
dorsa1392,0.5,2080
dreamwalker3,0.46969697,2040
drmanthan321,0.166666667,2000
drseuss,0.428571429,2040
dsfddsdsds,0,2200
dual1,1,2040
duarthes,0.5,2040
dui_rp,1,2000
durnius,1,2120
durrrrr,0,2000
duzi1964,0.666666667,2040
e1usion,0.517241379,2080
ecbg,0.428571429,2120
edrisiran,0,2200
ehsan_fire,1,2000
einsam,1,2000
elektroz,0.421052632,2080
ellince,1,2000
elmaliii,1,2000
elrond,0.384236453,2120
epsilon1,0.5,2040
eqellar,0.747474747,2040
equilibrist,1,2040
ererrf0909,1,2040
erindreki,0.469798658,2320
erteg47,0.75,2040
escalibut,0.625,2040
esthete,1,2160
eternauta,0,2000
eviltwin,0.555555556,2000
exiit,0.25,2040
expert700,1,2040
faku312,0.5,2000
fasulye,0.333333333,2160
faulschlamm1,0.403225806,2080
fdd5544w,1,2040
fenix13,0,2080
ferchos,0.5,2000
fernandeszorro,1,2040
fhermann,0.25,2080
fi05,0.428571429,2040
fidel_go,0.4375,2040
fidelgo,1,2000
finalflash,0.75,2000
fincan,0.166666667,2160
flogislife2,1,2000
fogof,0.375,2120
foodbooke,0.666666667,2000
fotc,0.4,2000
fra403,1,2000
frantoro,0.4,2000
fras20016,1,2000
freakyavocado,0.517241379,2040
frenck1,0.47826087,2040
frost111,1,2000
futurum,0.505882353,2080
fvgrgr0404,0.461538462,2040
fymax,0.474747475,2080
gabacho,0.684210526,2040
gaith,0.555555556,2000
gambiterr,0.794871795,2000
gambitron9000,1,2040
gamlet,0.428571429,2000
gari-k,0.590163934,2120
gat0555,1,2120
ggggggg7878,0.5,2160
gile2510,0,2000
gimpel,0,2200
giuliob,0.333333333,2040
glablabla,0,2040
gladpie,0.736842105,2040
glee,0.583333333,2200
gligorije,0.75,2000
glube,1,2000
gmv,0.555555556,2080
gnarizzy,0.568627451,2040
god_ofwar,1,2160
godes,0.666666667,2160
godofwar2014,0.235294118,2360
gogf88,1,2000
gojkon,0.625,2000
goldenking1998,0,2000
goldhourse,1,2000
goltrpoat,1,2000
gonzalesramon,0,2040
goraja,0.5,2040
gpv,0.8,2000
gracioso13,1,2160
grandwwwlz,1,2000
greyberry,1,2000
grigri,0.333333333,2240
guardman,0.538461538,2040
gulixuli,0.428571429,2040
gus_fring,0.403645833,2320
hackauron,0.619047619,2160
haky,1,2000
halilov,0.58974359,2040
halley,1,2000
hashemian,0.217391304,2120
hashiva,0.607843137,2040
hasta,0,2040
hazael,0.5,2000
heel,0.507936508,2040
heimoelo,1,2040
hentes81,0.5,2040
hiranyagarbha,0.494117647,2120
homoeporediensis,0.555555556,2000
honzarusnak,0.666666667,2040
horst,0.666666667,2000
hosein1370,0.055555556,2200
hosein1970,0.428571429,2000
hosein1991,1,2040
hossiganji,1,2000
huzun,0.322580645,2200
hyakinthos,0.533333333,2200
hyperprior,0.6,2080
iNUiT_nUNAAt,0.5,2120
i_am_not_a_smart_man,1,2000
icediamond7,0,2040
igo1,0.339233038,2160
igorxxx,0.5,2000
iks,0.4,2120
ikuju0202,1,2040
iman60,0.604166667,2000
impacto,1,2000
impulsee,0.605839416,2000
infinite-automata,0.609195402,2040
intobolivian,0.166666667,2040
inzeitnot,0.6,2040
iranii,0,2000
irusha,1,2360
istil,0.675,2080
itsmagic,0.346938776,2080
iuser76,0.5,2200
iuytrewq147,0,2520
jaier,0.35,2120
jaipov,1,2000
jamasukro123,0.6,2000
jankud,0.538461538,2040
jarda,0.409090909,2080
javadsh,0,2040
javadsharoi,0.666666667,2040
javid1322,0.492063492,2000
jcb312,0.333333333,2040
jeffforever,0.5,2400
jhkij,0,2120
jiktak,0.602739726,2040
jjvolf79,0.5,2080
jlindner,0.462046205,2160
joaoluizmonnerat,1,2000
joe59,1,2080
joedoubt,1,2000
joemanji,0,2000
johny_,0,2040
jonathantheh,0.571428571,2240
jorp,0.428571429,2040
jorquerino,0.266666667,2240
jorquerov,0.652173913,2040
josefranciscotrator,1,2000
jotjesus,0.432,2120
jox52,1,2000
jpcheck,0.5,2000
jstraaten,0.4,2040
jthc,0.468085106,2040
juanze21,0.722222222,2000
k2052,1,2120
ka6an,1,2160
kaZuHA,1,2000
kabaplanca,0.7,2000
kabukiman,0,2120
kafana,0.222222222,2080
kalitka_man,0.64893617,2000
kamal1386,0.6,2000
kanepe,0.609756098,2160
kansinat,0,2080
kapa2,0.714285714,2080
karelusmaksimus,1,2000
karimov,0.541176471,2000
karlsrue,0,2160
karpov3,1,2000
kasma,0.6,2040
kawskozah,0.333333333,2000
kazablanka,0.6,2000
kel_ebek,0.5,2000
kesarev,0.507042254,2240
ketombe,0,2160
ketoprak,0.25,2080
keyboardwarriorr,0.409090909,2160
keyhanone,0,#N/A
kholifatullah,1,2080
kicmak,0.379310345,2200
killourtrees,0.6,2000
king146,0.5,2320
kirisis,0.5,2160
kkk68,1,2000
kkkjhhggh12345,0.714285714,2040
kknight,0.604166667,2040
klaja,0.452380952,2040
kmd007,0,2080
knap,0,2040
knopp,0.25,2120
kokokoko79,1,2000
konakjan,0.492063492,2040
konyol,0.1,2120
kostya19841,0.689655172,2040
kotbegemot,1,2000
kpop_star,0.777777778,2000
krasIn,0,2000
krassparov,0.568421053,2040
kromzom,0.346153846,2080
kulje,0.56,2000
kurton,0.208510638,2320
kurzeme,0.666666667,2000
kutunas,0.666666667,2040
labo531,0.481481481,2000
lakdrcjbj,0.764705882,2000
lambda777,1,2040
langtubeo,0,2040
langyen,1,2040
larpayam,0.588235294,2040
lasker2,0.727272727,2080
ldlan,0.6,2080
legend,0.2,2000
leguizcaro,1,2000
leo0021,1,2000
leonsupreme,0,2120
leptonic,0.388235294,2200
letmeplaynow,1,2000
lex-1,0.5,2040
liargo,0.666666667,2000
lichess-,1,2040
lietuvis,0.48,2040
lifeislive,0.5,2120
likor64,0.4,2040
lindogatito,0.6,2040
lion25,1,2160
lisek91,0,2000
litavrist,0.571428571,2040
litning,0,2000
littlefiotte,0.5625,2000
littlefiottethebest,1,2000
liutikoff,1,2000
lllllll8568,1,2080
llolllll6,0.4,2080
lokomotiv_bz,0.5,2040
looka,0.612903226,2000
losos,0,2080
lovlas,0.184210526,2400
lt1,1,2040
lttoledo,1,2240
luc5,0.5,2080
ludonissa,0.5,2000
luis_alfredop,0.888888889,2000
luisreynoso,0.5,2040
lukdimarco,1,2000
lyuw,1,2080
macho2014,0,2000
macr0,1,2000
magic-milo,0.576923077,2040
mahavj,0.75,2000
mahir123,0.625,2000
mahshid,0.64,2000
mahyar-90,0.642857143,2040
malachi76,0.4,2080
manono,0.2,2000
marathon_woman,0.272727273,2120
marikov,0.416666667,2080
marina17,0.428571429,2000
mark_twain,0.414285714,2240
masal,0.567567568,2200
mashir,0.630769231,2040
master-chess,0.6,2080
matjuck,1,2000
matutin,0,2080
maulwurf,0.75,2000
maximmo,0,2080
maydanoz,1,2120
mazetr,0.5,2040
mb1,1,2080
mecker,0.544524053,2160
mehere,0.5,2080
mehrabjakvar,0.597402597,2440
mehrabking,1,2000
mesi2014,0.714285714,2040
mfaraji,0.75,2040
miao,0.5,2080
mich_5,0,2080
microcommega,0,2000
mikrofon,1,2040
milanbelobrk,0.384615385,2040
milancuruvija,0.671328671,2000
millin,1,2000
misaaa,0.5,2000
misko111,0.8,2040
mixst,0.8,2120
mixx,0.666666667,2040
mk64,0.75,2000
mknz,0.75,2040
mm3210,1,2040
mmix,1,2000
mmm0202,1,2000
mmmm6325,0.4,2200
mmmmm2020202020,0.333333333,2080
modulo,0.761904762,2080
mofo,0.285714286,2040
moi373737,1,2040
moj1990,0.569230769,2040
mokachino,1,2080
monoid,0.75,2040
monstrella,0.4875,2040
mortezamesi1,1,2000
motet,1,2040
moutcho,0.333333333,2080
mowpet,0.656441718,2080
mpf67,0.666666667,2160
mstfa0,0,2240
mtluser,0.517857143,2080
muntesu,0.5,2080
muschi,1,2000
mustaplak,0,#N/A
mutuvan,0.542857143,2200
mxs,0.5,2040
my_revenge,1,2000
nadbog,0.666666667,2200
nafnaf54,1,2160
naiche,0.450980392,2080
namardee,0,2080
narkohat,0,2000
naser-----,0,2080
nayme,0.210526316,2200
nefantii,0.454545455,2080
nesa10,0.580952381,2040
nesher,0.53968254,2040
new77,0.818181818,2000
newnomew,1,2000
nicky,0.558139535,2040
nietszche,0.5,2000
night_rid3r,0.4,2040
nik900,0,2080
nikolaRBM,0.551401869,2080
nikolaypetkov_bnpp,0,2000
nilocairo,1,2000
nimanewmew,1,2000
nimapashi003,0.25,2120
nimapashikh006,0.4,2160
nimapashikh0098,0.4,2120
nimapashikhiriran001,0,2200
nimapashikhirtabriz,0.625,2160
nimapashikhs0098,1,2040
nimapashikhtabrizira,0.5,2160
nimapashimr,1,2040
nimapashinew005,0.8,2120
nimaphkh-iran,1,2000
nnnnnnnn1,0,2080
nolp,0.25,2120
nomistakes7,1,2000
noname8,0,2080
noti,1,2040
novisad01,0.714285714,2120
nqclimaster,0.384615385,2000
nuam,0.705882353,2000
nuwonga,0.230769231,2160
obloumov,0.5,2000
ohdy,0.466666667,2040
okazaki,1,2040
olacy,1,2000
olborg,0.5,2080
old13,1,2200
oleg_h,0.6,2000
olegplus,0.833333333,2000
olman2011,0.4,2040
onxisback,1,2000
oplya,1,2000
oquzlar,0.558823529,2000
orginalea,0.916666667,2080
orsonico,0.545454545,2000
oshkob,1,2000
osipov,0.780487805,2000
ostadbozorg3400,1,2280
otk,0.480769231,2120
outlier,0.529411765,2080
oxymoron21st,0.461538462,2080
oyt712345,1,2000
ozzychess,0.5,2000
pac2103,1,2000
pacal56,0.495098039,2200
pachamama,0.492307692,2080
pajaro,0.523809524,2000
pakostnik,1,2040
palng,0.606060606,2040
paloverdekid,1,2160
panaman,0.6875,2000
pancholon3000,0.285714286,2040
papito2014,0,2040
paradigma,1,2000
parevluves,1,2080
partizan73,0.357142857,2000
pasoviola69,0,2040
paul58,0.833333333,2000
pawn-x,0.833333333,2000
paximi,0.75,2000
payman7,0.6,2000
peor2,0,2000
petra,0.666666667,2000
phil9234,0.857142857,2000
pilocl,0.559322034,2040
pingogigante,0.475,2040
pinkpony,1,2000
pipisipis,0.534934498,2200
pirketo,1,2000
pirouetti,0.857142857,2000
pjsino,1,2000
playcheckers,0.642857143,2000
plush1,0.625,2000
pmsryu,0.625,2000
pochocho76,0,2080
pokemon_,0,2000
portakal,0.461165049,2160
potus0,0.571428571,2080
predejan,0.5,2000
predejanex,1,2000
pridoni,0.586956522,2040
prosbx,0.489795918,2200
prova4002,0.666666667,2120
pulkownik0,0.6,2040
pulkownik1,0.458333333,2160
pulsar,0.3,2040
pumpicka,0,2080
pythondave,0.483870968,2120
qazplmwsxokn,0.5,2120
ql50,1,2040
qulko,1,2000
qweqweqweqwe1,0.428571429,2080
raMtiN_MagNuS,1,2040
rachomtbg,1,2000
radyo,0.75,2040
rafaking,1,2040
rajah,1,2080
raminder57,0.4,2000
ramires84,1,2160
ramon444,0.488372093,2080
ramtin939,1,2000
ranger64,0,2040
ranzo,1,2000
rashtao,1,2000
raskolnikov56,0.474074074,2160
rcedron,1,2000
realder,1,2040
registrado,0.333333333,2120
resmir,0.8,2040
retrograd,1,2080
ribarisah,0.615819209,2040
rigby,0.2,2240
rigosj,0.125,2080
river13,1,2000
rj1997,0.720930233,2000
romarfa,0.4,2200
rrrtttyyy,1,2080
rt0306,0.632183908,2000
rubiking,0,2040
runawayscared,0.576470588,2040
ruter,0.651515152,2040
ryksuguskyr,1,2040
rymrym2929,0.625,2000
ryujin,0.5,2040
saber-v,0.466666667,2000
sachinder,0.8,2040
sadman11,1,2120
saeedherox,0.5125,2040
saghar1383,1,2000
sah10,1,2240
sajjad_mobaraki,0,2480
salagaa,1,2000
salar,1,2120
sale83,0.285714286,2080
saluki,0,2000
samane-t,1,2120
samir0009,0.461538462,2080
samodelkin,0,2120
sansechess,0.25,2000
santer,0,2040
santral,0,2000
saroyan1990,1,2000
sasha111,0.375,2080
savef,0.5,2040
schnappi,0.708333333,2040
sefalet,0.653846154,2200
sehpa,0.666666667,2040
seigneur,0.461538462,2080
sekerlik,0.4,2040
serge_vw1,0.75,2040
seyedsaeed,1,2000
sezwho,0.623931624,2000
shaf,0.272727273,2240
shakhe,0.705882353,2120
shammies,1,2000
shatrangbaz,1,2040
shaxMSTAtist,0.636363636,2040
shelajev,0.509677419,2040
shredded,0.16,2400
shutupandplay,0,2160
shutyomov,1,2000
sicilianmaster,0.5,2200
sidharth13,1,2000
sidneycrode,0.684210526,2000
sigmaa,1,2000
sindirella,0.333333333,2120
sisili,0.48,2040
sky2014,1,2000
skynet13,0.666666667,2000
slippo,1,2120
slobozia,0.461538462,2000
soapytime,0.483870968,2040
sofi410,0.5,2000
solenko,0.571428571,2000
sonic7,0.555555556,2000
sosisamm,0.62755102,2040
sousapensador,0.6,2080
spab,0.6,2040
spojar,0.524229075,2080
stabilizator_,0.333333333,2160
stochastic7,0.5,2000
stochastic9,0.5,2040
stochastic__,1,2000
stupiid_ania94,0.2,2200
suadba,0.717391304,2040
subpixel,1,2000
sumandas,1,2000
suparno,0,2160
superchess11,0.818181818,2080
superspeed,0.363636364,2320
svetozar,0.5,2040
sylva,0.6,2120
szachpat,1,2000
t-feng,0.588235294,2040
tagaharang,0.8,2000
take-it-ez,0,2400
tal-i-alo,0,2040
tatalimov,0.565217391,2000
taulajoe,1,2000
tehraniran,0.592592593,2160
tembelek,0,2160
temizlikci,0.333333333,2240
tens,0.714285714,2000
terslik,1,2000
texttire,0.563291139,2160
thegoodknight,0,2000
theitalian,0,2000
thoegersen,0.5,2040
ti812,0,2200
tibi,0.55,2080
tir44,1,2000
tocaifriulano,0.578947368,2080
topazxan,0.875,2000
topce,0.456521739,2160
torkun,1,2000
tornet,0.7,2000
totalchess,0.75,2000
tranca,0,2040
tricycle,0.5,2000
trio_rio,1,2040
trotil_,0,2000
trrr,0.5,2040
ttee,0,2400
ttmorteza1,1,2080
turbocut,0,2000
turgutcosan,1,2000
tuskerking,0.713043478,2000
tutuy,1,2040
tweet,0.75,2120
twitch_martiss45,0.666666667,2040
tygerty,0.4,2040
ubvftd,0.8,2080
ufvij,0,2040
ujura,0.641975309,2040
unknonsense,1,2000
upandcomer,0.368421053,2080
upep,0.564102564,2040
ustag,0.5,2000
uzaif,1,2000
vaccins,1,2040
vadikass,0.75,2000
vas1945,0.419642857,2120
vay_ayi,0.545454545,2080
vepashka,0.727272727,2000
ver_vas,0.571428571,2040
veryclear700,1,2080
vevesem,0.547169811,2080
vicam,0.756097561,2000
vid,0.578947368,2040
vit2014,0.432432432,2120
vktrch,0.25,2160
vladfeod,0.666666667,2000
vnimatelevsfg,0,2000
voditel,0.272727273,2080
vvai,0.25,2040
vvvbbbbnnnggg,1,2040
vvvvvvv50540,1,2080
walkingparadox,0.85,2000
watchout700,1,2040
watersign,0,2040
watov,0,2280
waxd,0,2040
whatever,0.25,2080
wheeee,0.458333333,2080
wichy,0.703703704,2040
wigglewiggle,0.514018692,2040
wind1982,0.666666667,2080
winner78899,0.5,2080
wolfychess,1,2000
worms123,0.166666667,2080
wvar,0.5,2000
wwr,0,2000
x014y,1,2000
xX420_N0Sc0p3zXx,0,2040
xaxaxaxa,0.333333333,2120
xcxxxx52,1,2120
xequito,0.5,2080
ximoxo,1,2000
xithry,0,2080
xnowayx,0,2200
xtrem999,1,2040
yalenydd,0,2080
yasir752,0.465517241,2040
yasrdhbol,1,2240
yavashington,0.29787234,2120
yayan,1,2000
yetmez,0.52173913,2200
yfgtyjnuu1,0.5,2040
yfhjfghynm,0,2080
yhfjmxm,0,2000
yhtushko,1,2000
yhyyyy,1,2040
yildizlarinaltinda,0.37037037,2280
yjunior2013-1,1,2000
younes45675,0,2040
younes6767,1,2040
younes76656,1,2040
younes_1990,0.545454545,2000
yspb,1,2000
ytt,0.4,2080
yuchen,0.4,2080
yuio,1,2000
yura_hist,0,2120
zarrabi57,0.8,2000
zdenek,0,2080
zekinha16,1,2000
zembelek,0.537037037,2040
zergy,0.375464684,2240
zerosquad,1,2040
zhoskirocker,0.666666667,2000
zimar,0,2040
zivnix,1,2000
zizzou,0,2000
zoranz,0.695652174,2000
zorro2014,0.571428571,2080
zulo,0.666666667,2000
zuriko,0.631578947,2040
zxcvbnmzxcvbnm,0.846153846,2000